Address,Registration date
0x001D5583,4/23/2021 13:21:00
0x001025A2,3/30/2021 12:42:07
0x001DF411,6/21/2021 6:30:12
0x0018743F,4/28/2021 15:33:22
0x001C4642,4/28/2021 3:50:33
0x001DB0A8,8/1/2021 7:33:41
0x00139F74,5/14/2021 9:14:26
0x00163E1B,8/1/2021 7:36:35
0x00109EEB,7/14/2021 12:58:08
0x00153CF6,7/2/2021 6:00:11
0x00162D01,4/29/2021 21:09:52
0x001D5AB0,7/16/2021 9:16:08
0x0017DA51,8/1/2021 1:35:56
0x001E4EA9,8/1/2021 4:27:11
0x00171540,8/1/2021 0:13:44
0x0013AB48,7/27/2021 3:13:41
0x001B9040,2/3/2021 10:41:01
0x0018AB23,5/23/2021 17:43:30
0x001D6A73,8/1/2021 12:43:06
0x0019804A,4/28/2021 10:58:42
0x001636D8,6/18/2021 7:34:36
0x001AE9BB,4/21/2021 3:51:41
0x0010412A,5/28/2021 9:34:43
0x000FB4A9,4/2/2021 16:31:09
0x0019D560,6/6/2021 2:02:23
0x00149DC1,2/11/2021 6:31:22
0x001C7942,2/20/2021 18:44:22
0x00126EE0,8/1/2021 6:53:02
0x00102CA8,7/7/2021 7:11:33
0x00158C33,8/1/2021 10:17:47
0x0014548F,8/1/2021 3:15:37
0x00167117,5/26/2021 8:31:00
0x001CD82F,5/10/2021 9:56:26
0x0019EA66,6/20/2021 6:25:39
0x001A2231,8/2/2021 19:59:35
0x00159BAC,8/1/2021 0:48:12
0x00178C93,4/21/2021 11:46:37
0x0018C91B,5/10/2021 5:51:26
0x0011D5A5,8/1/2021 18:02:51
0x00174619,8/1/2021 20:21:42
0x001A7C1F,3/4/2021 4:24:10
0x0018BD12,5/23/2021 22:13:29
0x00135C22,2/14/2021 23:43:40
0x001C10FB,7/13/2021 11:26:38
0x001753BB,3/13/2021 1:17:06
0x00101A2A,2/6/2021 12:10:14
0x0015CDBC,7/14/2021 3:13:42
0x001DB24F,4/27/2021 0:07:26
0x0014A87B,8/1/2021 6:38:25
0x001B5BF0,8/2/2021 5:12:03
0x00151FC2,8/1/2021 9:05:20
0x001B1557,7/2/2021 21:45:55
0x001CB348,6/29/2021 14:35:34
0x00147157,8/1/2021 3:08:26
0x000FB6A6,8/1/2021 2:43:43
0x001BF1E4,3/13/2021 6:27:09
0x001564BE,8/1/2021 10:11:34
0x001918E8,8/1/2021 0:48:50
0x001DA421,8/1/2021 13:12:25
0x001C7046,2/14/2021 4:22:47
0x0019C8C2,3/12/2021 21:22:29
0x000F47A2,8/1/2021 6:09:05
0x00118289,8/2/2021 12:21:18
0x0013E90D,5/14/2021 14:21:22
0x001D7D83,3/24/2021 4:24:04
0x0017AA75,7/24/2021 20:01:37
0x00179902,7/10/2021 3:01:01
0x0013B094,8/1/2021 8:00:43
0x0011489F,3/27/2021 17:50:24
0x000F4F60,6/30/2021 12:13:31
0x0012F60E,2/14/2021 18:15:04
0x001A2597,2/18/2021 18:58:51
0x001873AA,4/28/2021 11:42:41
0x001BE759,8/1/2021 15:50:51
0x001D5CF3,3/27/2021 15:13:01
0x001869A8,8/1/2021 1:47:52
0x000F5A26,6/26/2021 13:58:21
0x001BF577,3/28/2021 5:45:16
0x001CBF8D,5/24/2021 11:07:04
0x001AC8CD,6/5/2021 10:23:44
0x001134BB,8/1/2021 6:55:20
0x00117C65,5/12/2021 14:33:39
0x0017E193,8/1/2021 3:01:06
0x00165B0C,8/2/2021 6:29:15
0x0019DEE3,8/1/2021 18:19:48
0x0016148B,7/6/2021 10:25:55
0x001ABFB8,8/2/2021 9:59:51
0x000F4F28,3/27/2021 15:06:54
0x001176C8,4/4/2021 2:56:17
0x001935B4,7/29/2021 8:33:44
0x00194D52,8/1/2021 11:26:45
0x001C3ABB,3/9/2021 8:38:52
0x00119ACE,8/1/2021 19:18:22
0x0015B1BE,3/2/2021 2:13:32
0x0011E17C,5/2/2021 4:52:23
0x001B9340,4/11/2021 12:59:46
0x0011BE5C,4/7/2021 13:59:44
0x0017D027,8/2/2021 4:06:33
0x0017352B,2/24/2021 6:57:17
0x00193D0B,8/1/2021 3:37:26
0x001C1952,8/1/2021 5:48:01
0x001B7A9B,7/19/2021 21:21:35
0x00154B11,4/7/2021 5:52:39
0x00184647,8/1/2021 10:15:22
0x00195944,8/1/2021 15:57:07
0x00171EA1,2/18/2021 22:30:40
0x001500C7,5/1/2021 18:31:53
0x00169622,8/1/2021 23:01:01
0x0013E46E,3/10/2021 11:55:29
0x0018C29C,5/25/2021 8:46:35
0x00119DE2,8/1/2021 19:44:07
0x001BB570,8/1/2021 0:12:52
0x0018D332,6/7/2021 15:47:59
0x00142E8A,4/18/2021 23:04:59
0x00185AD4,6/29/2021 14:28:07
0x0015B985,2/16/2021 16:34:27
0x0013FACF,8/1/2021 15:14:44
0x00142008,8/1/2021 0:24:52
0x00121FB2,4/6/2021 23:45:49
0x00113F65,5/25/2021 0:55:18
0x00109FE8,6/18/2021 3:13:27
0x001CBD3E,5/24/2021 9:48:59
0x001AFF50,3/18/2021 4:22:33
0x000F9E4B,2/13/2021 12:12:31
0x001A6704,8/1/2021 0:41:47
0x001613E0,7/15/2021 17:46:32
0x001ABD6C,3/27/2021 8:53:28
0x001676D5,3/13/2021 14:56:36
0x00162101,4/27/2021 15:15:21
0x00156617,6/23/2021 17:44:29
0x001285BB,8/3/2021 2:04:27
0x001B0D1D,8/1/2021 1:09:56
0x00182882,2/21/2021 3:59:40
0x00164D86,8/3/2021 5:42:30
0x00149C7B,8/3/2021 19:45:30
0x001183D2,8/1/2021 8:06:39
0x0019492F,8/2/2021 11:49:07
0x00127BD3,2/19/2021 6:46:31
0x001B5354,4/29/2021 15:22:41
0x001BF4F5,2/24/2021 13:52:53
0x001D30BC,7/8/2021 3:22:15
0x0016A8F0,4/28/2021 9:37:23
0x0011B6F2,6/11/2021 12:12:45
0x00119B68,2/21/2021 17:49:51
0x00174CA3,6/20/2021 0:45:12
0x001B41E0,7/23/2021 3:54:51
0x001154E6,6/3/2021 2:58:33
0x001C1556,5/2/2021 2:58:55
0x0015FE21,2/24/2021 0:44:22
0x001382B8,8/1/2021 13:20:42
0x001D26F7,4/17/2021 6:00:44
0x001344DB,8/1/2021 19:52:06
0x001AED52,7/22/2021 4:21:31
0x001B52AD,2/7/2021 2:02:22
0x00198380,7/3/2021 3:25:10
0x001E05A4,5/17/2021 22:31:38
0x0011A7B6,7/2/2021 9:50:39
0x001CA670,8/1/2021 2:22:47
0x001205A7,5/3/2021 8:58:42
0x00190C37,8/1/2021 9:52:56
0x00169B31,4/12/2021 11:21:34
0x0012B5BA,8/1/2021 4:08:49
0x000F80E9,8/1/2021 8:25:34
0x0018776C,8/1/2021 18:03:22
0x00137224,8/1/2021 7:43:03
0x00184CF5,5/23/2021 12:52:05
0x001516B7,8/1/2021 17:46:43
0x000F9A4E,3/14/2021 8:12:03
0x001340B9,4/16/2021 23:43:53
0x000FA45A,4/6/2021 18:05:47
0x00190B4A,4/13/2021 9:07:45
0x00144719,4/6/2021 0:16:52
0x0012D49E,8/1/2021 2:47:36
0x00146487,8/1/2021 16:12:32
0x001CB77E,8/1/2021 2:45:51
0x0019E578,4/6/2021 5:04:51
0x001079E8,8/1/2021 4:08:12
0x0019633A,3/28/2021 16:57:40
0x001D2D11,8/2/2021 1:32:25
0x00103197,4/25/2021 9:28:26
0x0019895F,7/10/2021 2:05:07
0x0016A2F8,3/13/2021 2:49:15
0x000FCD73,8/1/2021 18:40:48
0x001C3B7C,7/31/2021 5:15:40
0x0018AF39,2/7/2021 8:05:36
0x0018E2CE,7/16/2021 6:05:41
0x001C3E5B,2/18/2021 22:22:48
0x00173338,3/16/2021 13:35:33
0x001788AD,6/13/2021 14:59:32
0x001A33E3,3/9/2021 7:27:36
0x0010B6B7,8/1/2021 9:19:25
0x000F5AE8,4/10/2021 16:39:03
0x001B3A9F,8/1/2021 3:45:55
0x001BF496,8/1/2021 0:28:06
0x00131FC7,6/28/2021 9:07:02
0x001582FC,8/2/2021 21:59:43
0x001B4658,6/7/2021 14:50:45
0x00180618,6/16/2021 11:55:18
0x0012FD9F,7/13/2021 0:53:29
0x001881DA,8/1/2021 18:46:27
0x0016B129,5/18/2021 10:42:51
0x0013446F,8/1/2021 12:24:48
0x000F7161,3/12/2021 7:52:34
0x001DD8B3,4/8/2021 2:54:26
0x00139FB3,2/12/2021 10:05:32
0x00191053,6/28/2021 23:45:18
0x0012F424,4/24/2021 6:10:47
0x001E43DA,8/1/2021 6:04:31
0x001DD62B,8/1/2021 7:09:20
0x00175DD0,6/2/2021 10:10:03
0x001AF2A9,8/1/2021 1:30:09
0x0019FBB9,7/17/2021 10:56:26
0x001DBE6C,6/26/2021 15:35:40
0x0018ACF9,3/10/2021 18:38:41
0x00159955,8/1/2021 11:38:55
0x0013412B,8/1/2021 0:21:47
0x0011D8BF,7/12/2021 13:03:25
0x001041FE,8/1/2021 2:02:28
0x0012D90B,3/16/2021 11:50:05
0x0019FBE2,8/1/2021 7:39:34
0x0011ED4F,4/2/2021 22:40:08
0x001993AC,3/4/2021 6:36:11
0x001E61D6,8/1/2021 10:32:53
0x001D9BD8,4/5/2021 22:12:27
0x00123799,8/1/2021 8:10:57
0x0010813F,8/1/2021 5:24:52
0x001C511C,7/9/2021 10:21:32
0x0016ECB1,8/1/2021 21:18:56
0x00105F82,8/2/2021 15:44:13
0x001CACFF,8/2/2021 4:10:13
0x000F43E3,3/18/2021 6:32:29
0x00122280,4/22/2021 17:50:28
0x00165714,8/1/2021 22:03:06
0x00193670,3/19/2021 0:05:00
0x001817E1,6/25/2021 1:45:50
0x0017DA61,3/31/2021 11:17:53
0x00116D71,8/1/2021 8:13:23
0x00179CFC,8/2/2021 3:06:58
0x001310BE,8/1/2021 13:55:12
0x00111139,8/1/2021 1:58:02
0x00145422,7/25/2021 10:13:00
0x001623E5,4/23/2021 8:54:43
0x001DB30D,6/17/2021 9:27:13
0x000F83E6,5/7/2021 23:27:45
0x00142246,8/1/2021 1:57:24
0x001BF3F1,8/1/2021 6:48:26
0x0010A4ED,2/15/2021 21:50:02
0x0017C2C5,8/1/2021 10:22:14
0x0015A2E4,4/16/2021 9:42:58
0x000F6161,6/10/2021 2:40:18
0x001B8B57,2/9/2021 3:19:53
0x001CE75A,5/17/2021 16:10:55
0x0018290A,8/1/2021 1:43:43
0x001D6845,8/1/2021 17:16:08
0x001E4BB8,8/1/2021 15:53:33
0x00108841,6/12/2021 0:42:38
0x0017EA29,6/2/2021 15:10:57
0x0017C9A4,6/15/2021 16:30:26
0x00137A7E,4/19/2021 23:32:32
0x0012BB18,8/1/2021 12:08:07
0x00175F70,5/22/2021 3:14:42
0x0018FE31,8/1/2021 8:58:42
0x0010B0C4,3/21/2021 16:20:18
0x0014A867,7/29/2021 15:52:27
0x00166FBB,8/1/2021 0:36:50
0x001BBCFB,8/1/2021 3:35:14
0x001C1772,8/1/2021 10:55:34
0x00196CD7,8/1/2021 21:22:21
0x0018A043,7/21/2021 12:44:03
0x0013214E,8/1/2021 2:23:35
0x00151B0F,8/1/2021 8:49:12
0x001E45F9,4/16/2021 9:19:11
0x0012E5AD,4/2/2021 13:32:17
0x00132C7B,6/19/2021 23:24:28
0x001938EB,2/15/2021 11:50:12
0x0016F2F3,5/19/2021 12:05:06
0x001D9A97,7/22/2021 3:22:18
0x001D9F55,8/1/2021 14:27:59
0x001E5FC4,2/5/2021 23:30:43
0x0016FC7F,5/9/2021 12:26:50
0x0016BDD7,2/9/2021 5:20:14
0x001A4BAD,6/21/2021 17:08:00
0x00161B26,6/11/2021 23:43:36
0x001337BD,8/1/2021 15:50:27
0x001C2B1F,3/27/2021 0:27:02
0x0010EFF9,2/19/2021 5:31:33
0x001BE961,8/1/2021 19:34:19
0x0011E856,8/1/2021 0:32:00
0x001AB718,7/20/2021 19:13:43
0x00169BAA,5/7/2021 3:15:00
0x00195788,3/7/2021 8:25:09
0x0012697E,7/17/2021 21:45:34
0x0018F90F,7/15/2021 10:51:59
0x00163C16,8/2/2021 5:40:30
0x00199426,3/24/2021 0:43:20
0x0018CFDC,5/7/2021 5:18:58
0x001273BE,5/11/2021 1:33:22
0x000F4B61,8/2/2021 13:15:41
0x001870C8,8/1/2021 6:49:29
0x0016DD90,8/1/2021 19:22:04
0x001218EF,5/9/2021 15:31:33
0x0019346F,8/1/2021 16:14:35
0x0012CA44,8/1/2021 7:04:25
0x0019DECE,8/2/2021 19:40:26
0x00116DB4,6/4/2021 13:08:50
0x0010A198,3/8/2021 10:06:00
0x001BF05B,4/6/2021 13:26:22
0x001B23E0,8/1/2021 7:23:57
0x001420D2,8/2/2021 0:29:06
0x001C6AEA,8/1/2021 23:34:05
0x001CBA1B,8/1/2021 9:08:22
0x001C65D0,5/13/2021 20:19:01
0x00179E07,8/1/2021 2:05:41
0x0011F280,8/2/2021 11:32:31
0x00104C03,8/1/2021 18:46:02
0x0015C1A1,4/2/2021 20:46:28
0x00118CEB,8/1/2021 5:50:53
0x001833CF,8/1/2021 7:55:08
0x0011D94B,8/1/2021 17:59:30
0x00114106,8/1/2021 0:02:37
0x001B63FB,3/12/2021 23:08:02
0x001C6A5D,8/1/2021 3:01:58
0x00134C5C,6/28/2021 19:24:25
0x001BDA9D,8/2/2021 8:30:08
0x001B8A32,7/16/2021 13:57:56
0x0016B1AA,8/1/2021 0:41:04
0x001208E2,6/30/2021 9:26:59
0x0014D19F,6/28/2021 7:56:44
0x00146917,8/1/2021 8:00:10
0x000FE56A,5/22/2021 1:03:18
0x0019F392,2/10/2021 22:35:44
0x00140848,7/6/2021 0:27:53
0x001252D6,6/14/2021 13:39:37
0x001251F1,8/1/2021 3:32:22
0x00150A84,4/17/2021 18:43:53
0x0013FEA5,4/20/2021 10:32:55
0x001B5B5C,3/31/2021 13:34:02
0x00121CDA,8/1/2021 18:53:14
0x00128988,3/11/2021 16:34:34
0x0019AD6E,7/8/2021 19:16:23
0x001BAC1F,8/1/2021 10:44:44
0x0013F525,8/2/2021 15:25:44
0x001802A3,3/17/2021 9:20:29
0x001C99AE,3/4/2021 10:47:38
0x001D90D1,3/19/2021 10:17:15
0x0018DE4C,5/28/2021 21:03:02
0x001D88C3,8/1/2021 4:22:13
0x001582BD,8/1/2021 13:07:01
0x001870D3,3/11/2021 5:03:00
0x001DA9B6,8/1/2021 14:38:50
0x00103AA0,2/21/2021 14:56:27
0x00153408,3/26/2021 6:35:12
0x0015AE4A,4/27/2021 4:33:09
0x001D48A8,8/1/2021 14:49:33
0x0011282F,8/3/2021 15:05:31
0x001E1BD4,8/1/2021 0:20:55
0x001731A9,3/28/2021 20:06:36
0x001A8A45,7/25/2021 22:04:12
0x0011953B,8/1/2021 6:18:23
0x001D1FCF,8/1/2021 1:05:34
0x0012FCB2,8/1/2021 7:03:17
0x00183DA0,8/1/2021 0:39:55
0x001E7183,6/17/2021 18:20:39
0x001D800C,5/30/2021 14:34:18
0x0013BA3B,8/2/2021 1:55:11
0x00102065,7/19/2021 17:03:22
0x0017924E,4/18/2021 7:22:44
0x001B4199,4/14/2021 0:17:09
0x001403CD,8/1/2021 7:22:03
0x001D349D,2/6/2021 11:24:21
0x0018C02E,8/1/2021 3:12:58
0x00192EBF,6/30/2021 22:42:37
0x0015011E,7/20/2021 0:23:20
0x001A6299,8/2/2021 11:49:42
0x0014BC1B,8/1/2021 16:37:04
0x00105A99,2/2/2021 8:32:24
0x00185F73,7/9/2021 18:47:28
0x0016CD0D,8/2/2021 6:47:22
0x0013D92D,8/1/2021 2:33:23
0x001B5D5D,8/1/2021 14:55:26
0x00139B2E,3/7/2021 23:02:47
0x001AC24F,8/1/2021 2:46:50
0x001A89C0,8/1/2021 21:59:44
0x00169E7F,8/2/2021 1:05:54
0x001A79D2,4/12/2021 5:29:58
0x001A8466,8/1/2021 19:19:43
0x001E21F0,8/1/2021 13:24:46
0x000FBFB3,8/1/2021 5:14:00
0x001A0125,4/11/2021 22:27:19
0x001937B4,5/16/2021 4:32:05
0x00140551,4/19/2021 9:03:45
0x001E2395,5/6/2021 21:51:51
0x00107586,6/4/2021 11:23:20
0x001831B3,8/1/2021 8:10:29
0x00184667,8/1/2021 3:52:41
0x0017C218,8/1/2021 15:26:42
0x0010609D,8/1/2021 0:43:22
0x0016344C,7/2/2021 18:03:58
0x001E0F28,7/4/2021 20:13:42
0x001222BE,4/1/2021 7:21:03
0x00176305,7/21/2021 13:17:15
0x001012F0,7/12/2021 6:39:25
0x0016D89A,4/21/2021 12:53:20
0x00142A45,4/3/2021 21:32:21
0x0017B871,8/1/2021 8:41:19
0x00170235,8/1/2021 2:20:40
0x001A4C68,8/1/2021 2:03:12
0x00136737,2/19/2021 5:02:38
0x001A0DDA,8/1/2021 15:24:24
0x0015C114,8/1/2021 6:25:06
0x0013057C,7/2/2021 2:01:41
0x00119266,8/1/2021 2:18:21
0x0017FB4D,4/21/2021 10:31:54
0x0017FBF8,8/1/2021 22:31:47
0x00188F99,5/18/2021 4:12:37
0x001C9126,4/24/2021 14:40:09
0x0012422D,8/1/2021 3:51:39
0x001208F9,6/5/2021 16:00:10
0x0015A576,4/4/2021 3:45:01
0x00110910,8/1/2021 8:53:19
0x00147231,3/30/2021 2:57:28
0x001D2D5D,8/1/2021 5:06:40
0x001CE5F0,8/1/2021 5:28:57
0x0013DD6F,4/28/2021 23:15:43
0x000FB188,4/24/2021 8:01:15
0x001E59AB,3/8/2021 10:31:35
0x00143548,8/1/2021 5:08:21
0x001B8D83,6/27/2021 16:05:04
0x00103F60,6/20/2021 9:23:27
0x00146A4C,7/19/2021 17:58:14
0x001019E1,7/7/2021 9:33:59
0x001186B7,7/5/2021 23:52:04
0x00185000,3/3/2021 4:22:20
0x0014739A,8/1/2021 5:13:35
0x001A084C,6/11/2021 19:23:01
0x00157807,8/1/2021 11:32:12
0x001A765D,7/19/2021 15:01:23
0x00155893,8/2/2021 7:16:23
0x0013B595,5/16/2021 10:52:17
0x001C4FC1,8/1/2021 3:14:41
0x001857F7,3/18/2021 19:10:15
0x00198C1F,5/25/2021 4:03:36
0x001B6664,8/1/2021 22:51:38
0x001A6032,6/1/2021 9:23:13
0x0019A7CA,8/1/2021 10:18:57
0x001241F4,6/7/2021 20:12:43
0x00176CCC,5/4/2021 2:41:02
0x000FCDD3,8/1/2021 8:24:57
0x001BF350,2/22/2021 0:35:51
0x00101700,8/1/2021 1:49:16
0x001487C1,5/26/2021 12:55:37
0x0017D4B9,8/1/2021 0:43:30
0x00147B78,8/1/2021 14:08:32
0x001720B6,4/17/2021 0:57:47
0x001284AC,8/1/2021 10:04:10
0x00178F3F,8/2/2021 21:08:03
0x001C356E,8/1/2021 10:38:20
0x001A97E6,7/29/2021 4:01:10
0x0016CAE1,N/A
0x000FAE40,7/24/2021 18:52:11
0x001CC68E,4/4/2021 11:09:26
0x0012D8C1,8/1/2021 10:03:05
0x00130D5C,5/25/2021 17:55:27
0x0017FBE0,6/27/2021 16:08:25
0x001B17E4,8/1/2021 8:01:18
0x00130C6A,6/30/2021 18:32:48
0x0018189C,3/21/2021 17:43:19
0x001B7F74,6/14/2021 8:50:45
0x001904F7,8/2/2021 16:40:28
0x0012A799,8/1/2021 14:10:27
0x000FACCA,6/2/2021 19:04:55
0x0013A97D,8/1/2021 10:40:40
0x001CCF65,8/1/2021 9:28:26
0x0019AF81,8/1/2021 4:56:14
0x0013557B,8/1/2021 2:19:40
0x0014D26F,6/16/2021 15:36:27
0x0016BD6C,8/2/2021 17:23:05
0x0011E2DD,8/1/2021 17:36:51
0x00146367,5/21/2021 14:57:09
0x001B69C3,7/28/2021 15:19:32
0x0019F329,8/1/2021 19:20:19
0x001705C9,5/12/2021 7:37:03
0x00186C4F,4/11/2021 0:32:37
0x001965A3,8/1/2021 12:23:12
0x0019A6D9,2/5/2021 23:31:26
0x0010A7CF,2/12/2021 10:56:55
0x0016D28B,8/1/2021 22:36:52
0x0015A971,6/10/2021 4:52:58
0x001903FA,3/14/2021 10:01:33
0x000F496B,8/1/2021 9:37:00
0x001C1528,5/6/2021 19:21:33
0x001C3829,6/5/2021 13:11:57
0x0019B798,6/18/2021 13:52:30
0x00154694,8/1/2021 0:47:22
0x00120E73,8/1/2021 3:17:26
0x00185883,3/15/2021 23:40:36
0x00185C4F,8/1/2021 4:56:50
0x000FA7E5,8/2/2021 5:58:24
0x00126773,7/18/2021 5:55:26
0x001DC640,4/16/2021 0:50:49
0x00107822,8/1/2021 12:36:29
0x001B91E4,8/3/2021 7:09:15
0x0019B229,8/1/2021 3:44:28
0x001CD98B,8/1/2021 7:10:07
0x001D3C28,8/1/2021 17:09:48
0x001D915D,8/1/2021 12:47:53
0x001CB95B,3/8/2021 13:32:31
0x0019869A,8/1/2021 14:15:47
0x001847D8,5/12/2021 17:08:23
0x001790E6,2/24/2021 18:53:22
0x0017BC6C,6/26/2021 16:12:02
0x001D1C7F,4/1/2021 12:21:48
0x00189B48,5/2/2021 3:14:52
0x001A17A8,8/2/2021 16:17:08
0x001D0CFA,8/1/2021 5:09:22
0x00197D3F,5/19/2021 0:56:21
0x001ABECF,8/1/2021 5:16:23
0x00165D23,6/17/2021 7:58:46
0x001DBA01,8/1/2021 21:28:19
0x0010DCF1,8/1/2021 4:55:16
0x001C9A21,7/16/2021 7:10:06
0x00188009,8/1/2021 2:29:51
0x001B2B5F,7/12/2021 4:18:08
0x001E2C5B,8/1/2021 5:36:02
0x001BE2B7,4/19/2021 0:02:29
0x0011B4E7,8/1/2021 21:36:54
0x001041A4,6/9/2021 11:33:51
0x001B6BDF,6/5/2021 0:12:40
0x001188E5,3/17/2021 8:13:57
0x001E40B2,6/21/2021 2:41:12
0x001E3418,8/1/2021 18:15:16
0x00164FDA,7/2/2021 20:49:58
0x001DA6A1,8/1/2021 23:07:47
0x0012014A,8/1/2021 4:48:05
0x0016F92B,2/18/2021 17:20:25
0x001C5300,8/1/2021 11:11:36
0x0014D6EF,8/1/2021 15:44:20
0x0010372A,2/5/2021 4:28:26
0x0018C2E7,3/15/2021 23:48:34
0x00165F3F,7/9/2021 10:48:58
0x00187656,5/22/2021 1:55:34
0x001C74EE,8/1/2021 14:44:32
0x001674E7,5/24/2021 10:19:19
0x001CC587,8/2/2021 1:07:03
0x0010AA5E,7/13/2021 12:53:49
0x001AA34B,2/3/2021 9:35:17
0x000F8BA9,8/3/2021 23:08:24
0x000F7D8C,2/6/2021 1:08:11
0x000F4C69,5/24/2021 21:28:13
0x001691C6,4/10/2021 3:33:45
0x001099BB,6/1/2021 6:59:26
0x001CB269,4/3/2021 12:08:17
0x0019A0B5,5/9/2021 18:58:15
0x001B7F89,8/1/2021 4:19:26
0x001CC8FB,8/1/2021 7:57:38
0x0013132B,8/1/2021 7:41:54
0x001BDC15,6/10/2021 0:32:13
0x0018800F,8/1/2021 1:57:04
0x00140193,8/1/2021 17:52:25
0x00193486,6/12/2021 20:43:42
0x0019D736,3/2/2021 8:53:09
0x000FA264,5/6/2021 8:19:49
0x00152F05,8/2/2021 5:39:28
0x001E0FAC,8/1/2021 17:09:06
0x00161F6E,5/12/2021 9:41:41
0x000F7467,4/15/2021 16:15:18
0x0011F156,8/1/2021 0:38:21
0x00174513,8/1/2021 3:35:13
0x001211B0,7/9/2021 8:14:34
0x0011E2D4,8/1/2021 3:36:53
0x00145CD5,6/15/2021 16:59:03
0x0015E097,4/13/2021 21:13:36
0x001A67DF,6/25/2021 21:59:19
0x00161222,7/9/2021 12:04:52
0x0014C494,6/3/2021 11:00:23
0x0010A794,8/1/2021 13:26:34
0x00185608,7/19/2021 19:31:18
0x001B46EF,6/17/2021 3:03:18
0x0011DFD5,2/21/2021 23:06:57
0x001BA702,7/30/2021 1:46:33
0x001B6A4C,2/22/2021 18:51:42
0x00101B56,8/2/2021 2:41:04
0x00141478,8/1/2021 2:48:48
0x000FA6DB,5/5/2021 23:11:56
0x0014C2E7,7/9/2021 15:20:26
0x0012A1F0,3/14/2021 17:52:02
0x0018B01B,7/26/2021 3:33:46
0x001D96DC,8/1/2021 10:46:22
0x00175145,3/22/2021 9:20:13
0x0015815E,7/21/2021 15:43:14
0x0015E616,8/1/2021 4:53:01
0x0012F03D,6/16/2021 14:29:13
0x0016D7F3,8/2/2021 0:44:47
0x0015FECC,2/5/2021 15:22:14
0x00103793,2/4/2021 9:40:27
0x001319EE,8/1/2021 2:03:06
0x001913B0,3/1/2021 15:48:09
0x001401BE,5/29/2021 21:50:57
0x000F8D81,2/16/2021 18:16:15
0x001D07D8,2/19/2021 5:24:45
0x001A6A0E,2/23/2021 11:55:48
0x0016655C,8/2/2021 18:45:41
0x0010930C,8/1/2021 10:44:39
0x00104BA6,8/1/2021 8:42:54
0x00180102,8/1/2021 16:56:55
0x001C7EB2,7/11/2021 18:47:57
0x000F6C1D,8/1/2021 23:26:00
0x00104427,6/9/2021 6:42:09
0x001E1B2B,8/1/2021 2:30:08
0x0016EC14,8/1/2021 0:50:53
0x001A3BD3,8/2/2021 7:39:41
0x00184E50,7/20/2021 5:13:25
0x00178F8E,5/6/2021 10:45:25
0x00172BC3,4/29/2021 14:53:31
0x001A967A,4/20/2021 5:18:53
0x001DFA7F,7/8/2021 16:22:56
0x00120A1A,5/20/2021 7:19:26
0x0010C10C,2/17/2021 5:23:57
0x0013E589,7/17/2021 5:47:39
0x0013DCF2,2/26/2021 17:02:27
0x0017AACF,8/2/2021 9:46:34
0x001E55C1,8/1/2021 14:04:57
0x00122057,5/18/2021 13:34:02
0x001277FA,7/25/2021 8:02:35
0x001D6331,2/16/2021 11:47:33
0x001DA262,5/11/2021 7:29:22
0x00104AB1,5/10/2021 13:03:44
0x00184486,3/18/2021 13:14:19
0x001168B4,4/15/2021 10:55:32
0x0014B8E4,8/1/2021 0:26:53
0x00162265,7/26/2021 17:37:27
0x0015D50A,8/1/2021 19:35:44
0x00120C53,8/1/2021 23:29:27
0x00109656,8/1/2021 2:54:01
0x001B15D1,6/19/2021 10:43:08
0x001C1775,5/30/2021 4:24:02
0x001216D9,8/1/2021 7:03:45
0x001A5B12,5/14/2021 21:00:31
0x00169A97,8/1/2021 15:02:23
0x0010F5AA,8/1/2021 11:30:19
0x00122EA3,3/24/2021 1:29:31
0x001A2052,2/19/2021 2:58:12
0x001054C1,8/2/2021 3:17:41
0x0013C462,8/2/2021 8:58:29
0x00104F18,3/13/2021 14:37:03
0x0011AE69,6/22/2021 17:34:31
0x001341FC,8/1/2021 20:43:55
0x00195C7C,4/22/2021 16:56:07
0x00154C83,8/1/2021 17:31:58
0x001AA9D9,3/31/2021 3:17:13
0x0014F695,3/18/2021 1:50:52
0x0015164C,8/1/2021 14:14:34
0x001DF9CC,7/6/2021 21:29:37
0x001C9C29,3/20/2021 12:12:02
0x001DA782,8/1/2021 3:50:22
0x001E2A27,6/7/2021 14:16:23
0x001B3E3F,8/1/2021 21:09:12
0x001D9D34,8/1/2021 6:51:11
0x001611F0,3/1/2021 23:52:29
0x0015323B,7/29/2021 2:17:26
0x001139FF,5/9/2021 9:59:32
0x001D1683,8/3/2021 6:00:50
0x00199142,2/28/2021 13:26:42
0x000F636B,8/1/2021 9:22:34
0x001216B7,7/31/2021 4:26:10
0x001259B2,8/1/2021 9:13:20
0x001E4245,8/2/2021 0:51:03
0x0018E696,8/1/2021 16:01:20
0x00152844,2/28/2021 19:44:48
0x0019304E,8/1/2021 6:22:11
0x00111624,2/7/2021 11:04:20
0x001129E1,4/16/2021 11:53:20
0x0013BE7B,7/28/2021 10:18:48
0x0013F371,8/1/2021 4:36:14
0x001C41AA,8/1/2021 7:26:02
0x0016F3FA,4/7/2021 0:49:19
0x0012CCA0,5/8/2021 14:23:34
0x00100C34,7/17/2021 12:58:53
0x001CAC40,8/2/2021 7:12:40
0x00135AEA,3/6/2021 12:37:50
0x00172A14,3/4/2021 5:46:28
0x0013A2AF,2/27/2021 14:45:11
0x001C0F74,8/1/2021 10:37:17
0x00103755,8/1/2021 0:25:50
0x0012B60C,7/21/2021 8:40:26
0x00149B04,3/27/2021 13:56:52
0x00146643,8/1/2021 6:41:36
0x001220FE,7/18/2021 23:23:50
0x001D288A,8/1/2021 21:09:53
0x0010AEEE,4/12/2021 7:09:50
0x000F7C5C,4/19/2021 3:46:00
0x000FCDF7,2/14/2021 17:41:06
0x00189568,5/11/2021 22:16:29
0x0018BB66,4/10/2021 2:34:42
0x001909D3,8/1/2021 15:10:48
0x001340AE,4/14/2021 10:08:44
0x001AD479,7/19/2021 8:09:28
0x0014E891,2/25/2021 11:23:26
0x001088F2,3/23/2021 22:07:32
0x0015683B,8/1/2021 10:45:50
0x00142103,8/1/2021 12:01:47
0x00178CEB,2/11/2021 17:30:02
0x001BCB90,5/25/2021 20:49:24
0x0019A624,6/11/2021 20:29:06
0x0018AF7C,8/2/2021 15:32:44
0x001575D8,4/20/2021 13:40:37
0x00144991,8/2/2021 7:09:03
0x001D969D,4/19/2021 18:50:27
0x001B86AD,3/3/2021 17:43:46
0x001129D5,8/1/2021 7:51:41
0x00139269,7/5/2021 7:27:41
0x000F7F63,4/12/2021 9:17:27
0x001C5E82,4/10/2021 11:40:34
0x001891C5,8/2/2021 12:03:36
0x000F9FFC,3/31/2021 22:13:50
0x0014DE00,6/18/2021 22:39:49
0x0014DA54,6/22/2021 11:13:40
0x001428CB,8/1/2021 12:08:05
0x00119619,2/22/2021 10:05:04
0x0015CFED,2/8/2021 0:00:14
0x000F64CE,5/17/2021 17:44:47
0x001087F0,4/7/2021 21:45:09
0x00157323,8/2/2021 20:10:32
0x000F8499,7/31/2021 18:10:36
0x001D10CB,8/1/2021 12:13:10
0x001B061A,7/7/2021 6:01:30
0x0012D60D,5/11/2021 5:56:38
0x00103E30,3/28/2021 16:12:29
0x001614CA,5/16/2021 14:34:25
0x001135F2,3/21/2021 1:58:53
0x001862A8,7/25/2021 15:10:21
0x0011311D,6/2/2021 16:46:30
0x00133894,8/1/2021 10:12:47
0x0010B91B,6/7/2021 18:15:18
0x00178F13,7/13/2021 10:31:34
0x0014D575,3/25/2021 16:04:51
0x00133D4A,4/10/2021 12:53:30
0x001AF587,5/24/2021 17:29:38
0x00106CBF,2/9/2021 22:29:28
0x00123A0D,8/1/2021 2:24:54
0x0018336F,2/4/2021 23:11:04
0x001681CF,5/13/2021 20:27:02
0x001982E6,7/22/2021 16:08:47
0x0014C9AB,4/19/2021 20:18:38
0x0013DAD5,6/16/2021 13:58:54
0x001896FE,8/1/2021 4:11:21
0x0017A0A2,4/19/2021 4:31:59
0x000F71D7,4/28/2021 7:17:34
0x0015B629,8/1/2021 7:15:15
0x001622DC,6/15/2021 7:07:49
0x00164BB2,5/3/2021 14:27:00
0x00120B52,7/8/2021 6:04:20
0x001AA960,2/17/2021 9:55:24
0x00194D70,7/12/2021 0:16:57
0x0014C84F,6/15/2021 23:34:09
0x00139196,7/11/2021 16:05:10
0x00153045,2/4/2021 6:33:14
0x0011E69A,8/1/2021 4:08:42
0x001A7AFA,3/20/2021 1:39:51
0x0013F986,8/1/2021 4:09:31
0x001A5B3E,3/1/2021 14:14:44
0x001C23E8,8/1/2021 2:23:38
0x001B7F69,8/1/2021 0:15:31
0x001DF26F,4/21/2021 19:07:20
0x001998A5,7/7/2021 10:58:50
0x00177DC0,8/1/2021 1:39:06
0x00104D0F,8/1/2021 15:49:07
0x0014B6DF,8/1/2021 8:02:24
0x001B6B0E,8/1/2021 4:32:13
0x001614A7,8/1/2021 13:57:09
0x001CDCE4,4/6/2021 7:08:28
0x001A618E,4/17/2021 23:17:49
0x001B34E2,2/28/2021 17:26:05
0x001D8A87,3/1/2021 7:55:32
0x001BF130,3/10/2021 18:10:37
0x00153422,6/11/2021 14:10:50
0x00143D04,3/5/2021 6:50:42
0x00194F10,3/6/2021 1:44:21
0x0017C657,8/2/2021 12:55:48
0x001268D8,8/1/2021 11:25:58
0x001126A4,8/2/2021 5:41:27
0x00177BA2,7/12/2021 6:49:16
0x000F615C,3/23/2021 23:30:53
0x000FC27E,8/2/2021 15:38:05
0x0010BCFD,6/6/2021 7:45:16
0x001D3971,2/1/2021 4:29:42
0x00138C92,3/3/2021 19:27:28
0x001C5E69,4/28/2021 9:04:23
0x0016DF42,5/31/2021 12:42:25
0x0015190F,5/4/2021 3:31:25
0x00171C94,8/1/2021 10:46:54
0x001D65DD,3/1/2021 20:43:59
0x00194A5C,8/1/2021 13:38:08
0x001BB9A4,3/28/2021 13:54:49
0x0018232C,7/12/2021 18:15:02
0x0019B1A3,4/12/2021 23:22:48
0x001791D8,8/1/2021 5:54:42
0x00192E80,8/1/2021 9:08:31
0x000F74EC,7/30/2021 20:15:10
0x001A3527,N/A
0x001611C8,7/19/2021 12:00:39
0x001A08A3,N/A
0x00141C8E,2/5/2021 19:14:55
0x00167C9F,N/A
0x0019D105,2/1/2021 16:07:49
0x0016EEBA,N/A
0x001CC59F,4/7/2021 17:11:34
0x001BC712,4/16/2021 18:05:54
0x001081E9,7/5/2021 19:22:14
0x001CBF85,N/A
0x001B77C4,2/1/2021 21:17:10
0x00197B7B,3/6/2021 0:34:39
0x001433CD,N/A
0x0013A667,2/25/2021 23:23:09
0x001140E3,2/22/2021 2:37:34
0x001A18F0,N/A
0x0015E13F,7/12/2021 8:29:13
0x001DC72B,4/13/2021 6:32:13
0x001AEA97,4/13/2021 5:04:33
0x00102826,8/5/2021 1:50:50
0x001878D7,3/28/2021 22:38:11
0x000FB03C,5/16/2021 17:30:00
0x001AEFED,N/A
0x001B8903,3/14/2021 10:34:31
0x000FEA18,N/A
0x001A86C0,7/26/2021 2:33:29
0x00108A25,3/21/2021 20:54:52
0x0011AB2D,4/11/2021 10:02:11
0x001DBA54,6/23/2021 23:07:15
0x000F56CC,N/A
0x001A945A,3/2/2021 1:07:15
0x001D8611,2/3/2021 16:50:54
0x0014E034,3/30/2021 12:24:17
0x00101DD2,N/A
0x00179780,6/6/2021 8:03:44
0x00105702,N/A
0x00121471,4/4/2021 4:50:46
0x001E74C3,3/27/2021 16:38:28
0x001D8870,N/A
0x00194C9E,N/A
0x0017D3D8,2/2/2021 16:59:39
